original_size,width,height,input_scaling,leak_rate,damping,error,KR,MC,Input_type
36,12,3,-0.165955990594852,0.000114374817344887,0.720324493442158,0.0861973237723707,7,12.6957917143886,"lu"
100,20,5,-0.165955990594852,0.000114374817344887,0.720324493442158,0.0693821681424577,6,8.62368349862892,"lu"
196,28,7,-0.165955990594852,0.000114374817344887,0.720324493442158,0.0692584047969037,6,3.23582879603078,"lu"
36,12,3,-0.165955990594852,0.000114374817344887,0.720324493442158,0.0880420626578594,7,12.7485933016561,"ld"
100,20,5,-0.165955990594852,0.000114374817344887,0.720324493442158,0.0913300596539378,6,8.70103113035491,"ld"
